Page,Folder
1,science_sample
2,science_sample
3,science_sample
4,science_sample
5,science_sample
6,science_sample
7,science_sample
8,science_sample
9,science_sample
10,science_sample
11,science_sample
12,science_sample
13,science_sample
14,science_sample
15,science_sample
16,science_sample
17,science_sample
18,science_sample
19,science_sample
20,science_sample
21,science_sample
22,science_sample
23,science_sample
24,science_sample
25,laws_sample
26,laws_sample
27,laws_sample
28,laws_sample
29,laws_sample
30,laws_sample
31,laws_sample
32,laws_sample
33,laws_sample
34,laws_sample
35,laws_sample
36,laws_sample
37,laws_sample
38,laws_sample
39,laws_sample
40,laws_sample
41,laws_sample
42,laws_sample
43,laws_sample
44,laws_sample
45,laws_sample
46,govt tenders
47,govt tenders
48,govt tenders
49,govt tenders
50,govt tenders
51,govt tenders
52,govt tenders
53,govt tenders
54,govt tenders
55,govt tenders
56,govt tenders
57,govt tenders
58,govt tenders
59,govt tenders
60,govt tenders
61,govt tenders
62,govt tenders
63,govt tenders
64,govt tenders
65,govt tenders
66,manuals_sample
67,manuals_sample
68,manuals_sample
69,manuals_sample
70,manuals_sample
71,manuals_sample
72,manuals_sample
73,manuals_sample
74,manuals_sample
75,manuals_sample
76,manuals_sample
77,manuals_sample
78,manuals_sample
79,manuals_sample
80,manuals_sample
81,manuals_sample
82,manuals_sample
83,manuals_sample
84,manuals_sample
85,manuals_sample
86,manuals_sample
87,finance_samples
88,finance_samples
89,finance_samples
90,finance_samples
91,finance_samples
92,finance_samples
93,finance_samples
94,finance_samples
95,finance_samples
96,finance_samples
97,finance_samples
98,finance_samples
99,finance_samples
100,finance_samples
101,finance_samples
102,finance_samples
103,finance_samples
104,finance_samples
105,finance_samples
106,finance_samples
107,finance_samples
108,patents
109,patents
110,patents
111,patents
112,patents
113,patents
114,patents
115,patents
116,patents
117,patents
118,patents
119,patents
120,patents
121,patents
122,patents
123,patents
124,patents
125,patents
126,patents
127,patents
128,test
129,test
